{
  "modules": {
    "6": {
      "title": "Discrete Math Practice",
      "questions": [
        {
          "number": 1,
          "question": "What is the sum of the first 5 positive integers?",
          "answer": "15"
        },
        {
          "number": 2,
          "question": "What is the value of \\(2^5\\)?",
          "answer": "32"
        },
        {
          "number": 3,
          "question": "Find the number of subsets of the set \\(A = \\{1, 2, 3, 4\\}\\).",
          "answer": "16"
        },
        {
          "number": 4,
          "question": "What is the value of \\(P(5, 2)\\), the number of permutations of 2 items chosen from a set of 5?",
          "answer": "20"
        },
        {
          "number": 5,
          "question": "Find the value of \\(C(6, 3)\\), the number of combinations of 3 items chosen from a set of 6.",
          "answer": "20"
        },
        {
          "number": 6,
          "question": "If a graph has 10 vertices and each vertex has degree 3, how many edges does the graph have?",
          "answer": "15"
        },
        {
          "number": 7,
          "question": "Evaluate \\(\\log_2(32)\\).",
          "answer": "5"
        },
        {
          "number": 8,
          "question": "What is the greatest common divisor (GCD) of 36 and 60?",
          "answer": "12"
        },
        {
          "number": 9,
          "question": "What is the least common multiple (LCM) of 12 and 18?",
          "answer": "36"
        },
        {
          "number": 10,
          "question": "How many ways can you arrange the letters in the word 'DISCRETE'?",
          "answer": "40,320"
        }
      ]
    }
  }
}
