{
  "modules": {
    "5": {
      "title": "Advanced Discrete Math Problems",
      "questions": [
        {
          "number": 1,
          "question": "Write the first four terms of the sequence defined by \\( a_n = 3 + \\left( \\frac{2}{3} \\right)^n \\), for integers \\( n \\geq 0 \\).",
          "answer": "\\[ a_0 = 4, \\ a_1 = 3.\\overline{6}, \\ a_2 = 3.44, \\ a_3 = 3.30 \\]"
        },
        {
          "number": 2,
          "question": "Find the explicit formula for the sequence \\( 1, 3, 5, 7, 9, 11 \\).",
          "answer": "\\( b_n = 2n - 1 \\)"
        },
        {
          "number": 3,
          "question": "Find the explicit formula for the sequence \\( 4, -4, 4, -4, 4, -4 \\).",
          "answer": "\\( b_n = (-1)^{n+1} \\cdot 4 \\)"
        },
        {
          "number": 4,
          "question": "Find the explicit formula for the sequence \\( \\frac{2}{5}, \\frac{3}{7}, \\frac{4}{9}, \\frac{5}{11}, \\frac{6}{13} \\).",
          "answer": "\\( b_n = \\frac{n + 1}{2n + 3} \\)"
        },
        {
          "number": 5,
          "question": "Compute \\( \\sum_{k=3}^8 (k - 2) \\).",
          "answer": "21"
        },
        {
          "number": 6,
          "question": "Compute \\( \\prod_{k=1}^3 (k + 2)^3 \\).",
          "answer": "216,000"
        },
        {
          "number": 7,
          "question": "What is \\( h(5) \\) for \\( h(x) = 3x + 2 \\)?",
          "answer": "17"
        },
        {
          "number": 8,
          "question": "What is \\( g(2) \\) for \\( g(x) = x^3 - 1 \\)?",
          "answer": "7"
        }
      ]
    }
  }
}
