{
  "modules": {
    "2": {
      "title": "Matrix Input Practice",
      "questions": [
        {
          "number": 1,
          "question": "Input the identity matrix of size 2x2.",
          "answer": "\\begin{bmatrix}1 & 0\\\\ 0 & 1\\end{bmatrix}"
        },
        {
          "number": 2,
          "question": "Enter a 3x3 identity matrix.",
          "answer": "\\begin{bmatrix} 1 & 0 & 0 \\\\ 0 & 1 & 0 \\\\ 0 & 0 & 1 \\end{bmatrix}"
        },
        {
          "number": 3,
          "question": "If matrix A is \\( \\begin{bmatrix} 2 & 0 \\\\ 1 & 3 \\end{bmatrix} \\), input the transpose of A.",
          "answer": "\\begin{bmatrix} 2 & 1 \\\\ 0 & 3 \\end{bmatrix}"
        },
        {
          "number": 4,
          "question": "Enter a 3x3 matrix where the diagonal elements are 2 and all other elements are 0.",
          "answer": "\\begin{bmatrix} 2 & 0 & 0 \\\\ 0 & 2 & 0 \\\\ 0 & 0 & 2 \\end{bmatrix}"
        },
        {
          "number": 5,
          "question": "If matrix B is \\( \\begin{bmatrix} 3 & -2 \\\\ 5 & 4 \\end{bmatrix} \\), input the result of multiplying B by 2.",
          "answer": "\\begin{bmatrix} 6 & -4 \\\\ 10 & 8 \\end{bmatrix}"
        },
        {
          "number": 6,
          "question": "Input a 2x3 matrix with elements arranged in ascending order from 1 to 6.",
          "answer": "\\begin{bmatrix} 1 & 2 & 3 \\\\ 4 & 5 & 6 \\end{bmatrix}"
        },
        {
          "number": 7,
          "question": "Enter the inverse of the matrix \\( \\begin{bmatrix} 4 & 7 \\\\ 2 & 6 \\end{bmatrix} \\). (Round each element to two decimal places if needed.)",
          "answer": "\\begin{bmatrix} 0.6 & -0.7 \\\\ -0.2 & 0.4 \\end{bmatrix}"
        },
        {
          "number": 8,
          "question": "Enter a 4x4 matrix with the main diagonal as 1s and all other elements as 0.",
          "answer": "\\begin{bmatrix} 1 & 0 & 0 & 0 \\\\ 0 & 1 & 0 & 0 \\\\ 0 & 0 & 1 & 0 \\\\ 0 & 0 & 0 & 1 \\end{bmatrix}"
        },
        {
          "number": 9,
          "question": "If matrix C is \\( \\begin{bmatrix} 1 & 2 & 3 \\\\ 4 & 5 & 6 \\\\ 7 & 8 & 9 \\end{bmatrix} \\), input the transpose of C.",
          "answer": "\\begin{bmatrix} 1 & 4 & 7 \\\\ 2 & 5 & 8 \\\\ 3 & 6 & 9 \\end{bmatrix}"
        },
        {
          "number": 10,
          "question": "Determine the determinant of the matrix \\( \\begin{bmatrix} 2 & 3 \\\\ 1 & 4 \\end{bmatrix} \\).",
          "answer": "5"
        }
      ]
    }
  }
}
